Régime(s) d études,Secteur(s) d activité,Niveau d entrée,Discipline(s),Domaine,Diplôme,Nom de la formation
Formation initiale|Formation en apprentissage|Formation en contrat de professionnalisation,Droit|Administration,Baccalauréat ou équivalent,Droit| administration publique| propriété intellectuelle et industrielle,DROIT| ÉCONOMIE| GESTION,B.U.T.,Bachelor Universitaire de Technologie (B.U.T.) Carrières juridiques (CJ)
Formation initiale|Formation en apprentissage|Formation en contrat de professionnalisation,Agronomie| agroalimentaire| agriculture|Bio-industries| biotechnologies,Baccalauréat ou équivalent,Agronomie| Agriculture,SCIENCES| TECHNOLOGIES| SANTÉ,B.U.T.,Bachelor Universitaire de Technologie (B.U.T.) Génie Biologique (GB) parcours Agronomie
Formation initiale|Formation en apprentissage|Formation en contrat de professionnalisation,Electronique| automatique| électrotechnique| génie électrique,Baccalauréat ou équivalent,Ingénierie et technologies,SCIENCES| TECHNOLOGIES| SANTÉ,B.U.T.,Bachelor Universitaire de Technologie (B.U.T.) Génie Electrique et Informatique Industrielle (GEII)
Formation initiale|Formation en apprentissage|Formation en contrat de professionnalisation,Automobile| aéronautique| énergie| industrie| R&D,Baccalauréat ou équivalent,Ingénierie et technologies,SCIENCES| TECHNOLOGIES| SANTÉ,B.U.T.,Bachelor Universitaire de Technologie (B.U.T.) Génie Mécanique et Productique (GMP)
Formation initiale|Formation en apprentissage|Formation en contrat de professionnalisation,Gestion| comptabilité| management des entreprises,Baccalauréat ou équivalent,Economie| gestion| management| marketing|Droit| administration publique| propriété intellectuelle et industrielle,DROIT| ÉCONOMIE| GESTION,B.U.T.,Bachelor Universitaire de Technologie (B.U.T.) Gestion des Entreprises et des Administrations (GEA)
Formation initiale|Formation en apprentissage|Formation en contrat de professionnalisation,Risque et sécurité,Baccalauréat ou équivalent,Ingénierie et technologies,SCIENCES| TECHNOLOGIES| SANTÉ,B.U.T.,Bachelor Universitaire de Technologie (B.U.T.) Hygiène Sécurité Environnement (HSE)
Formation initiale|Formation en apprentissage|Formation en contrat de professionnalisation,Transport| logistique,Baccalauréat ou équivalent,Economie| gestion| management| marketing,DROIT| ÉCONOMIE| GESTION,B.U.T.,Bachelor Universitaire de Technologie (B.U.T.) Management de la Logistique et des Transports (MLT)
Formation initiale|Formation en apprentissage|Formation en contrat de professionnalisation,Energie| génie climatique et énergétique,Baccalauréat ou équivalent,Ingénierie et technologies,SCIENCES| TECHNOLOGIES| SANTÉ,B.U.T.,Bachelor Universitaire de Technologie (B.U.T.) Métiers de la transition et de l'efficacité énergétiques (MT2E)
Formation initiale|Formation en apprentissage|Formation en contrat de professionnalisation,Information| communication| journalisme|Développement Web| programmation| numérique|Graphisme| réseaux sociaux,Baccalauréat ou équivalent,Communication| information| journalisme|Développement Web|Création numérique,SCIENCES| TECHNOLOGIES| SANTÉ,B.U.T.,Bachelor Universitaire de Technologie (B.U.T.) Métiers du Multimédia et de I'Internet (MMI)
Formation initiale|Formation en apprentissage|Formation en contrat de professionnalisation,Technologies de l'information| télécommunications| réseaux,Baccalauréat ou équivalent,Ingénierie et technologies,SCIENCES| TECHNOLOGIES| SANTÉ,B.U.T.,Bachelor Universitaire de Technologie (B.U.T.) Réseaux et télécommunications (RT)
Formation initiale|Formation en apprentissage|Formation en contrat de professionnalisation,Chimie| matériaux| plasturgie|Métallurgie automobile| aéronautique| construction navale et ferroviaire|Industrie cosmétique,Baccalauréat ou équivalent,Physique| chimie| matériaux,SCIENCES| TECHNOLOGIES| SANTÉ,B.U.T.,Bachelor Universitaire de Technologie (B.U.T.) Science et Génie des Matériaux (SGM)
Formation initiale|Formation en apprentissage|Formation en contrat de professionnalisation,Commerce| vente| distribution,Baccalauréat ou équivalent,Economie| gestion| management| marketing,DROIT| ÉCONOMIE| GESTION,B.U.T.,Bachelor Universitaire de Technologie (B.U.T.) Techniques de Commercialisation (TC)
Formation initiale,,Baccalauréat ou équivalent,,DROIT| ÉCONOMIE| GESTION,Licence,Licence Administration Economique et Sociale
Formation initiale,Administration|Droit,Baccalauréat ou équivalent,Droit| administration publique| propriété intellectuelle et industrielle,DROIT| ÉCONOMIE| GESTION,Licence,Licence Droit
Formation initiale,Electronique| automatique| électrotechnique| génie électrique,Baccalauréat ou équivalent,Ingénierie et technologies,SCIENCES| TECHNOLOGIES| SANTÉ,Licence,Licence Electronique| Energie électrique et Automatique (EEA)
Formation initiale,Commerce| vente| distribution|Gestion| comptabilité| management des entreprises,Baccalauréat ou équivalent,Economie| gestion| management| marketing,DROIT| ÉCONOMIE| GESTION,Licence,Licence Gestion
Formation initiale,,Baccalauréat ou équivalent,,SCIENCES HUMAINES ET SOCIALES,Licence,Licence Histoire
Formation initiale,,Baccalauréat ou équivalent,,SCIENCES| TECHNOLOGIES| SANTÉ,Licence,Licence informatique
Formation initiale,,Baccalauréat ou équivalent,,ARTS| LETTRES| LANGUES,Licence,Licence Langues Etrangères Appliquées
Formation initiale,,Baccalauréat ou équivalent,,ARTS| LETTRES| LANGUES,Licence,Licence Langues| Littératures et Civilisations Etrangères et Régionales
Formation initiale,,Baccalauréat ou équivalent,,ARTS| LETTRES| LANGUES,Licence,Licence Lettres
Formation initiale,Enseignement| formation| éducation|Informatique|Recherche| recherche et développement,Baccalauréat ou équivalent,Mathématiques et informatique,SCIENCES| TECHNOLOGIES| SANTÉ,Licence,Licence Mathématiques
Formation initiale,,Baccalauréat ou équivalent,,SCIENCES| TECHNOLOGIES| SANTÉ,Licence,Licence Physique et Chimie
Formation initiale,Administration|Information| communication| journalisme|Politique et société,Baccalauréat ou équivalent,Communication| information| journalisme|Relations internationales| études européennes| études régionales|Sciences politiques,DROIT| ÉCONOMIE| GESTION,Licence,Licence Science Politique
Formation initiale,,Baccalauréat ou équivalent,,SCIENCES HUMAINES ET SOCIALES,Licence,Licence Sciences de l'Education et de la formation
Formation initiale,Agronomie| agroalimentaire| agriculture,Baccalauréat ou équivalent,Agronomie| agroalimentaire| nutrition|Sciences de la vie et de la santé| psychologie,SCIENCES| TECHNOLOGIES| SANTÉ,Licence,Licence Sciences de la vie
Formation initiale,Enseignement| formation| éducation|Action sociale| culturelle et sportive,Baccalauréat ou équivalent,Sciences du sport,STAPS,Licence,Licence Sciences et Techniques des Activités Physiques et Sportives (STAPS) - Activité physique adaptée - Santé
Formation initiale,Administration|Politique et société,Baccalauréat ou équivalent,Philosophie| éthique|Economie| gestion| management| marketing,SCIENCES HUMAINES ET SOCIALES,Licence,Licence Sciences Sociales
Formation en apprentissage|Formation en contrat de professionnalisation,Bio-industries| biotechnologies,BAC +2,Sciences de la vie et de la santé| psychologie,SCIENCES| TECHNOLOGIES| SANTÉ,Licence professionnelle,Licence professionnelle Bio-industries et bio-technologies
Formation en apprentissage|Formation en contrat de professionnalisation,Commerce| vente| distribution|Agroalimentaire,BAC +2,Economie| gestion| management| marketing|Oenologie,DROIT| ÉCONOMIE| GESTION,Licence professionnelle,Licence professionnelle Commercialisation des produits alimentaires
Formation initiale|Formation en apprentissage|Formation en contrat de professionnalisation,Action sociale| culturelle et sportive|Arts| spectacles| culture,BAC +2,Arts et design|Communication| information| journalisme|Economie| gestion| management| marketing,ARTS| LETTRES| LANGUES,Licence professionnelle,Licence professionnelle Gestion de Projets et Structures Artistiques et Culturels (GEPSAC)
Formation initiale|Formation en apprentissage|Formation en contrat de professionnalisation|Formation continue,Gestion| comptabilité| management des entreprises|Transport| logistique,BAC +2,Economie| gestion| management| marketing,DROIT| ÉCONOMIE| GESTION,Licence professionnelle,Licence professionnelle Gestion des achats et des approvisionnements
Formation continue,Enseignement| formation| éducation,BAC +2,Education| formation des enseignants,SCIENCES HUMAINES ET SOCIALES,Licence professionnelle,Licence professionnelle Gestion et accompagnement de projets pédagogiques
Formation continue,Gestion| comptabilité| management des entreprises,BAC +2,,DROIT| ÉCONOMIE| GESTION,Licence professionnelle,Licence professionnelle Management et Gestion des organisations (MGO)
Formation continue|Formation en apprentissage|Formation en contrat de professionnalisation,Informatique,BAC +2,Mathématiques et informatique|Ingénierie et technologies,SCIENCES| TECHNOLOGIES| SANTÉ,Licence professionnelle,Licence professionnelle Métiers de l’informatique : conception| développement et test de logiciels
Formation initiale|Formation en apprentissage|Formation en contrat de professionnalisation,Arts| spectacles| culture,BAC +2,Communication| information| journalisme|Documentation| archives,ARTS| LETTRES| LANGUES,Licence professionnelle,Licence professionnelle Métiers du livre : édition et commerce du livre
Formation en apprentissage|Formation en contrat de professionnalisation,Commerce| vente| distribution,BAC +2,Communication| information| journalisme,DROIT| ÉCONOMIE| GESTION,Licence professionnelle,Licence professionnelle Technico-commercial
Formation en apprentissage|Formation en contrat de professionnalisation,,BAC +2,Agronomie| agroalimentaire| nutrition|Environnement| viticulture| oenologie,SCIENCES| TECHNOLOGIES| SANTÉ,Licence professionnelle,Licence professionnelle Valorisation des Agroressources
Formation initiale,,BAC +3,Lettres| langues| linguistique,ARTS| LETTRES| LANGUES,Master,Master Arts| lettres et civilisations 
Formation initiale,Chimie| matériaux| plasturgie|Bio-industries| biotechnologies,BAC +3,Physique| chimie| matériaux,SCIENCES| TECHNOLOGIES| SANTÉ,Master,Master Chimie
Formation initiale|Formation en apprentissage|Formation en contrat de professionnalisation,Gestion| comptabilité| management des entreprises,BAC +3,Economie| gestion| management| marketing,DROIT| ÉCONOMIE| GESTION,Master,Master Contrôle de Gestion et Audit Organisationnel
Formation initiale|Formation en apprentissage|Formation en contrat de professionnalisation,Droit|Administration|Justice|Ressources humaines,BAC +3,Droit| administration publique| propriété intellectuelle et industrielle,DROIT| ÉCONOMIE| GESTION,Master,Master Droit
Formation initiale|Formation en apprentissage|Formation en contrat de professionnalisation,Action sociale| culturelle et sportive,BAC +3,Economie| gestion| management| marketing,DROIT| ÉCONOMIE| GESTION,Master,Master Economie sociale et solidaire (ESS)
Formation initiale|Formation en apprentissage|Formation en contrat de professionnalisation,Electronique| automatique| électrotechnique| génie électrique,BAC +3,,SCIENCES| TECHNOLOGIES| SANTÉ,Master,Master Electronique| Energie électrique| Automatique
Formation en apprentissage|Formation en contrat de professionnalisation|Formation continue,Gestion| comptabilité| management des entreprises|Transport| logistique,BAC +3,Economie| gestion| management| marketing,DROIT| ÉCONOMIE| GESTION,Master,Master Entrepreneuriat et Management de projet
Formation initiale,Arts| spectacles| culture|Information| documentation| édition|Recherche| recherche et développement,BAC +3,Histoire/civilisation|Documentation| archives,SCIENCES HUMAINES ET SOCIALES,Master,Master Histoire| civilisations et patrimoine
Formation initiale|Formation en apprentissage|Formation en contrat de professionnalisation,Information| communication| journalisme,BAC +3,Communication| information| journalisme,SCIENCES HUMAINES ET SOCIALES,Master,Master Information et Communication
Formation initiale,Informatique|Plateformes mobiles| Big Data| Cloud Computing| Intelligence artificielle,BAC +3,Mathématiques et informatique,SCIENCES| TECHNOLOGIES| SANTÉ,Master,Master informatique
Formation initiale|Formation en apprentissage|Formation en contrat de professionnalisation,Gestion| comptabilité| management des entreprises,BAC +3,Economie| gestion| management| marketing,DROIT| ÉCONOMIE| GESTION,Master,Master Innovation| Entreprise et Société
Formation initiale|Formation en apprentissage|Formation en contrat de professionnalisation,,BAC +3,Lettres| langues| linguistique,ARTS| LETTRES| LANGUES| DROIT| ÉCONOMIE| GESTION| SCIENCES| TECHNOLOGIES| SANTÉ,Master,Master Langues Etrangères Appliquées
Formation en apprentissage|Formation continue|Formation en contrat de professionnalisation,Gestion| comptabilité| management des entreprises|Administration,BAC +4,Economie| gestion| management| marketing,DROIT| ÉCONOMIE| GESTION,Master,Master Management Sectoriel
Formation initiale|Formation en apprentissage|Formation en contrat de professionnalisation,Commerce| vente| distribution,BAC +3,Economie| gestion| management| marketing,DROIT| ÉCONOMIE| GESTION,Master,Master Marketing et Vente
Formation initiale,Recherche| recherche et développement,BAC +3,Mathématiques et informatique,SCIENCES| TECHNOLOGIES| SANTÉ,Master,Master Mathématiques et Applications
Formation initiale,Mécanique| génie mécanique| mécatronique,BAC +3,Ingénierie et technologies,SCIENCES| TECHNOLOGIES| SANTÉ,Master,Master Mécanique
Formation initiale|Formation en apprentissage|Formation en contrat de professionnalisation,,BAC +3,Economie| gestion| management| marketing|Mathématiques et informatique,SCIENCES| TECHNOLOGIES| SANTÉ,Master,Master Méthodes Informatiques Appliquées à la Gestion des Entreprises - MIAGE
Formation initiale,,BAC +3,Education| formation des enseignants,MEEF,Master,Master Métiers de l'Enseignement| de l'Education et de la Formation
Formation initiale,Information| communication| journalisme|Arts| spectacles| culture,BAC +3,Histoire/civilisation|Communication| information| journalisme,SCIENCES HUMAINES ET SOCIALES,Master,Master Muséologie muséo-expographie
Formation initiale|Formation continue|Formation en apprentissage|Formation en contrat de professionnalisation,Eau| environnement| aménagement| urbanisme|Risque et sécurité,BAC +5,Sciences de la terre et de l'univers| environnement,SCIENCES| TECHNOLOGIES| SANTÉ,Master,Master Risques et Environnement
Formation initiale|Formation continue,,BAC +3,,SCIENCES HUMAINES ET SOCIALES,Master,Master Sciences de l'Education et de la formation
Formation initiale|Formation en apprentissage|Formation en contrat de professionnalisation,Chimie| matériaux| plasturgie,BAC +3,Physique| chimie| matériaux,SCIENCES| TECHNOLOGIES| SANTÉ,Master,Master Sciences et génie des matériaux
Formation initiale,Agronomie| Agriculture| Environnement,BAC +3,Agronomie| agroalimentaire| nutrition|Environnement| viticulture| oenologie,SCIENCES| TECHNOLOGIES| SANTÉ,Master,Master Sciences et technologies de l'agriculture| de l'alimentation et de l'environnement
Formation initiale,,BAC +5,,ARTS| LETTRES| LANGUES| DROIT| ÉCONOMIE| GESTION| SCIENCES HUMAINES ET SOCIALES| SCIENCES| TECHNOLOGIES| SANTÉ,Doctorat d'université,Doctorat
Formation initiale,Chimie| matériaux| plasturgie|Recherche| recherche et développement,Baccalauréat ou équivalent,Physique| chimie| matériaux|Ingénierie et technologies,SCIENCES| TECHNOLOGIES| SANTÉ,Diplôme d'ingénieur & cycle post-bac intégré,Cycle Post BAC intégré ENSCMu-Groupe INSA
Formation initiale,,Baccalauréat ou équivalent,Ingénierie et technologies,SCIENCES| TECHNOLOGIES| SANTÉ,Diplôme d'ingénieur & cycle post-bac intégré,Cycle Post-BAC intégré ENSISA-Groupe INSA
Formation initiale|Formation en apprentissage|Formation en contrat de professionnalisation,Chimie| matériaux| plasturgie,BAC +2,Physique| chimie| matériaux|Ingénierie et technologies,SCIENCES| TECHNOLOGIES| SANTÉ,Diplôme d'ingénieur & cycle post-bac intégré,Diplôme d'ingénieur chimiste
Formation initiale|Formation en contrat de professionnalisation,Electronique| automatique| électrotechnique| génie électrique,BAC +2,Ingénierie et technologies,SCIENCES| TECHNOLOGIES| SANTÉ,Diplôme d'ingénieur & cycle post-bac intégré,Diplôme d'Ingénieur en Automatique & systèmes Embarqués
Formation en contrat de professionnalisation|Formation en apprentissage|Formation initiale,,BAC +2,Ingénierie et technologies,SCIENCES| TECHNOLOGIES| SANTÉ,Diplôme d'ingénieur & cycle post-bac intégré,Diplôme d'ingénieur en Génie industriel
Formation initiale|Formation en apprentissage|Formation en contrat de professionnalisation,Informatique|Technologies de l'information| télécommunications| réseaux,BAC +2,Mathématiques et informatique|Ingénierie et technologies,SCIENCES| TECHNOLOGIES| SANTÉ,Diplôme d'ingénieur & cycle post-bac intégré,Diplôme d'ingénieur en Informatique & réseaux
Formation initiale|Formation en contrat de professionnalisation,Mécanique| génie mécanique| mécatronique,BAC +2,Ingénierie et technologies,SCIENCES| TECHNOLOGIES| SANTÉ,Diplôme d'ingénieur & cycle post-bac intégré,Diplôme d'ingénieur en Mécanique
Formation initiale|Formation en contrat de professionnalisation,,BAC +2,Ingénierie et technologies,SCIENCES| TECHNOLOGIES| SANTÉ,Diplôme d'ingénieur & cycle post-bac intégré,Diplôme d'ingénieur en Textile & fibres
Formation initiale,Arts| spectacles| culture,BAC +2,Lettres| langues| linguistique,ARTS| LETTRES| LANGUES,Diplôme d'université 1er cycle,Diplôme d'Université (DU) Etudes Helvétiques
Formation initiale|Formation continue,Informatique,Baccalauréat ou équivalent,Ingénierie et technologies|Mathématiques et informatique,SCIENCES| TECHNOLOGIES| SANTÉ,Diplôme d'université 1er cycle,Diplôme d'Université (DU) Informatique UHA 4.0.1-4.0.2 - 4.0.3
Formation continue|Formation initiale,Informatique,BAC +3,Mathématiques et informatique|Ingénierie et technologies,SCIENCES| TECHNOLOGIES| SANTÉ,Diplôme d'université 2ème cycle,Diplôme d'Université (DU) Informatique UHA 4.0.4 - 4.0.5
Formation initiale,Enseignement| formation| éducation,BAC +2,Education| formation des enseignants,SCIENCES HUMAINES ET SOCIALES,Diplôme d'université 1er cycle,Diplôme d'Université (DU) Métiers de l'enseignement et de la formation
Formation initiale,Administration,BAC +2,,DROIT| ÉCONOMIE| GESTION,Diplôme d'université 1er cycle,Diplôme d'Université (DU) Prépa Talents du service public
Formation continue,Agronomie| Agroalimentaire|Bio-industries| biotechnologies,Baccalauréat ou équivalent|BAC +2,Agronomie| Agriculture,SCIENCES| TECHNOLOGIES| SANTÉ,Diplôme d'université 1er cycle,Diplôme d'Université (DU) Production et commercialisation brassicoles| biérologie
Formation en apprentissage|Formation en contrat de professionnalisation,Gestion| comptabilité| management des entreprises,Baccalauréat ou équivalent,Economie| gestion| management| marketing,DROIT| ÉCONOMIE| GESTION,Diplôme d'université 2ème cycle,Diplôme d'Université (DU) Supérieur de Comptabilité et de Gestion
Formation initiale,Gestion| comptabilité| management des entreprises|Commerce| vente| distribution,BAC +5,Economie| gestion| management| marketing,DROIT| ÉCONOMIE| GESTION,Diplôme d'université 2ème cycle,Diplôme d'Université en Etudes Marketing et Recherche
Formation initiale,,Baccalauréat ou équivalent,Economie| gestion| management| marketing,DROIT| ÉCONOMIE| GESTION,Diplôme d'université 1er cycle,Diplôme d'Université Sport Business parcours E-sport and gaming
,Commerce| vente| distribution,Baccalauréat ou équivalent,Economie| gestion| management| marketing,DROIT| ÉCONOMIE| GESTION,Diplôme d'université 1er cycle,Diplôme d'Université Sport Business parcours Management et Marketing du Sport
Formation initiale|Formation en contrat de professionnalisation,,BAC +5,Ingénierie et technologies,SCIENCES| TECHNOLOGIES| SANTÉ,Diplôme d'université 3ème cycle,Mastère Spécialisé CGE (Conférence des Grandes Ecoles) Ingénierie Textile
Formation continue,Chimie| matériaux| plasturgie|Risque et sécurité,BAC +5,Ingénierie et technologies,SCIENCES| TECHNOLOGIES| SANTÉ,Diplôme d'université 3ème cycle,Mastère spécialisé Gestion des Risques et Menaces N.R.B.C.E.
