 	Task	Responder	sender_entity	sender_name	recipient	block	tool_type	tool	content
 	DataAssistant	Entity.USER	Entity.USER	DataAssistant		None			What are the top 5 countries in terms of population?
 	DataAssistant	Entity.USER	Entity.USER	Entity.USER		None			[CANNOT RESPOND]
 	DataAssistant	Entity.AGENT	Entity.USER			None			
*	DataAssistant	Entity.LLM	Entity.LLM			None	TOOL	pandas_eval	{ "request": "pandas_eval", "expression": "df.nlargest(5, '2023_population')[['country', '2023_population']]" }
*	DataAssistant	Entity.AGENT	Entity.AGENT	DataAssistant		None			ERROR: <class 'ValueError'>: NumExpr 2 does not support Unicode as a dtype.
 	DataAssistant	Entity.USER	Entity.USER	DataAssistant		None			Who had the biggest absolute population increase from 1970 to 2023?
 	DataAssistant	Entity.USER	Entity.USER	Entity.USER		None			[CANNOT RESPOND]
 	DataAssistant	Entity.AGENT	Entity.USER			None			
*	DataAssistant	Entity.LLM	Entity.LLM			None	TOOL	pandas_eval	{ "request": "pandas_eval", "expression": "df.loc[df['2023_population'] - df['1970_population'].idxmax(), 'country']" }
*	DataAssistant	Entity.AGENT	Entity.AGENT	DataAssistant		None			ERROR: <class 'ValueError'>: data type must provide an itemsize
 	DataAssistant	Entity.USER	Entity.USER	DataAssistant		None			What's the average, min, and max area for each continent?
 	DataAssistant	Entity.USER	Entity.USER	Entity.USER		None			[CANNOT RESPOND]
 	DataAssistant	Entity.AGENT	Entity.USER			None			
*	DataAssistant	Entity.LLM	Entity.LLM			None	TOOL	pandas_eval	{ "request": "pandas_eval", "expression": "df.groupby('continent')['area_(km²)'].agg(['mean', 'min', 'max'])" }
*	DataAssistant	Entity.AGENT	Entity.AGENT	DataAssistant		None			ERROR: <class 'UnicodeEncodeError'>: 'ascii' codec can't encode character '\xb2' in position 8: ordinal not in range(128)
